{
  "assemblyStates": {
    "CCFD1EF3795_v2_sub_g.WbANw3DAmDC1ttZL93PCl2h1": {
      "namespace": "UiPath.IntegrationService.Activities.SWEntities.CCFD1EF3795_v2_sub_generateChatCompletion_Create.Bundle",
      "providerName": "CustomEntities",
      "key": {
        "name": "UiPath.IntegrationService.Activities.SWEntities.CCFD1EF3795_v2_sub_generateChatCompletion_Create",
        "hash": "WURZQ0EydURWdHVvSVJpeXlsS2RvRGlMeDdnNncxUGI5N05EQlIzRzg5TFNBaHpJNjdvb2d2NDU4eHN2R3l6YWsxWDFodEJ3Y1BETGlmVUtSckFrRFE9PQ",
        "assemblyName": "CCFD1EF3795_v2_sub_g.WbANw3DAmDC1ttZL93PCl2h1"
      }
    }
  }
}