{
  "assemblyStates": {
    "CCFD1EF3795_v2_sub_g.Jn3xDVse6N147gDW2UhQMi2": {
      "namespace": "UiPath.IntegrationService.Activities.SWEntities.CCFD1EF3795_v2_sub_generateChatCompletion_Create.Bundle",
      "providerName": "CustomEntities",
      "key": {
        "name": "UiPath.IntegrationService.Activities.SWEntities.CCFD1EF3795_v2_sub_generateChatCompletion_Create",
        "hash": "WURZQ0EydURWdHVvSVJpeXlsS2RvRGlMeDdnNncxUGI5N05EQlIzRzg5TFNBaHpJNjdvb2d2NDU4eHN2R3l6YWsxWDFodEJ3Y1BETGlmVUtSckFrRFE9PQ",
        "assemblyName": "CCFD1EF3795_v2_sub_g.Jn3xDVse6N147gDW2UhQMi2"
      }
    },
    "C228A91D6AD_curated_.k4rFt1doJXS1UlDDckCkIO3": {
      "namespace": "UiPath.IntegrationService.Activities.SWEntities.C228A91D6AD_curated_whatsapp_message_Create.Bundle",
      "providerName": "CustomEntities",
      "key": {
        "name": "UiPath.IntegrationService.Activities.SWEntities.C228A91D6AD_curated_whatsapp_message_Create",
        "hash": "RVpoR2xPUHE1QjJSdGlYWmhlMk56bDhyRTlXTG5pSEhoZjBTZUdmdzNSMWRYZ3QyKzc2YTFlV2JvOE83ZUhYWHhXYm5VdlpXNTlvbDdqNmJOVVhhcXc9PQ",
        "assemblyName": "C228A91D6AD_curated_.k4rFt1doJXS1UlDDckCkIO3"
      }
    },
    "C297DD35BAA_v2_sub_g.yoBEr18XMKQ1FhjKM2KiHwt2": {
      "namespace": "UiPath.IntegrationService.Activities.SWEntities.C297DD35BAA_v2_sub_generateChatCompletion_Create.Bundle",
      "providerName": "CustomEntities",
      "key": {
        "name": "UiPath.IntegrationService.Activities.SWEntities.C297DD35BAA_v2_sub_generateChatCompletion_Create",
        "hash": "WURZQ0EydURWdHVvSVJpeXlsS2RvRGlMeDdnNncxUGI5N05EQlIzRzg5TFNBaHpJNjdvb2d2NDU4eHN2R3l6YWsxWDFodEJ3Y1BETGlmVUtSckFrRFE9PQ",
        "assemblyName": "C297DD35BAA_v2_sub_g.yoBEr18XMKQ1FhjKM2KiHwt2"
      }
    },
    "C941D5194B5_curated_.gQAXh1hFlmE1plwK22OsYv93": {
      "namespace": "UiPath.IntegrationService.Activities.SWEntities.C941D5194B5_curated_whatsapp_message_Create.Bundle",
      "providerName": "CustomEntities",
      "key": {
        "name": "UiPath.IntegrationService.Activities.SWEntities.C941D5194B5_curated_whatsapp_message_Create",
        "hash": "RVpoR2xPUHE1QjJSdGlYWmhlMk56bDhyRTlXTG5pSEhoZjBTZUdmdzNSMWRYZ3QyKzc2YTFlV2JvOE83ZUhYWHhXYm5VdlpXNTlvbDdqNmJOVVhhcXc9PQ",
        "assemblyName": "C941D5194B5_curated_.gQAXh1hFlmE1plwK22OsYv93"
      }
    }
  }
}