{
  "Workflows": [
    {
      "Path": null,
      "SortBy": 0,
      "VariablesSectionElementsOrder": [],
      "ArgumentsSectionElementsOrder": null,
      "ConstantsSectionElementsOrder": null,
      "AddedNamespaces": null
    },
    {
      "Path": "Main.xaml",
      "SortBy": 0,
      "VariablesSectionElementsOrder": [
        "mail_pswd&Sequence_1",
        "mailMsg&Sequence_1",
        "mail_dt&Sequence_1",
        "ind&Sequence_1",
        "positive&Sequence_1",
        "negative&Sequence_1",
        "neutral&Sequence_1",
        "mail_output&Sequence_4",
        "sentiment&Sequence_4",
        "senti&Sequence_4",
        "jsonObj&Sequence_4",
        "reaction&Sequence_4",
        "user&Sequence_4"
      ],
      "ArgumentsSectionElementsOrder": [],
      "ConstantsSectionElementsOrder": null,
      "AddedNamespaces": null
    }
  ]
}