{
  "Workflows": [
    {
      "Path": null,
      "SortBy": 0,
      "VariablesSectionElementsOrder": [],
      "ArgumentsSectionElementsOrder": null,
      "ConstantsSectionElementsOrder": [],
      "AddedNamespaces": null
    },
    {
      "Path": "Main.xaml",
      "SortBy": 0,
      "VariablesSectionElementsOrder": [
        "mail&Sequence_1",
        "daresult&Sequence_5",
        "DA&Sequence_5",
        "result&Sequence_1",
        "variable1&Sequence_4",
        "success&Sequence_4",
        "contentGeneration&Sequence_1",
        "txt&Sequence_1",
        "final&Sequence_1",
        "pdftxt&Sequence_1",
        "text&Sequence_1",
        "output&Sequence_1",
        "qw&Sequence_1"
      ],
      "ArgumentsSectionElementsOrder": [],
      "ConstantsSectionElementsOrder": [],
      "AddedNamespaces": null
    }
  ]
}