{
  "exportedBy": null,
  "bundleHash": null,
  "version": "1.0.0.0",
  "jitAssemblyCompilerCommands": [
    {
      "providerName": "CustomEntities",
      "bundleOptions": {
        "hash": "YDYCA2uDVtuoIRiyylKdoDiLx7g6w1Pb97NDBR3G89LSAhzI67oogv458xsvGyzak1X1htBwcPDLifUKRrAkDQ==",
        "bundleName": "C297DD35BAA_v2_sub_generateChatCompletion_Create",
        "entitiesBundle": {
          "Types": {
            "message": {
              "name": "message",
              "properties": [
                {
                  "name": "content",
                  "type": {
                    "ClrType": "System.String, System.Private.CoreLib"
                  }
                },
                {
                  "name": "role",
                  "type": {
                    "ClrType": "System.String, System.Private.CoreLib"
                  }
                }
              ],
              "baseType": null
            },
            "choices": {
              "name": "choices",
              "properties": [
                {
                  "name": "message",
                  "type": {
                    "definitionName": "message"
                  }
                },
                {
                  "name": "index",
                  "type": {
                    "ClrType": "System.Nullable`1[[System.Int64, System.Private.CoreLib]], System.Private.CoreLib"
                  }
                },
                {
                  "name": "finish_reason",
                  "type": {
                    "ClrType": "System.String, System.Private.CoreLib"
                  }
                }
              ],
              "baseType": null
            },
            "usage": {
              "name": "usage",
              "properties": [
                {
                  "name": "total_tokens",
                  "type": {
                    "ClrType": "System.Nullable`1[[System.Int64, System.Private.CoreLib]], System.Private.CoreLib"
                  }
                },
                {
                  "name": "prompt_tokens",
                  "type": {
                    "ClrType": "System.Nullable`1[[System.Int64, System.Private.CoreLib]], System.Private.CoreLib"
                  }
                },
                {
                  "name": "completion_tokens",
                  "type": {
                    "ClrType": "System.Nullable`1[[System.Int64, System.Private.CoreLib]], System.Private.CoreLib"
                  }
                }
              ],
              "baseType": null
            },
            "detectedEntities": {
              "name": "detectedEntities",
              "properties": [
                {
                  "name": "identifier",
                  "type": {
                    "ClrType": "System.String, System.Private.CoreLib"
                  }
                },
                {
                  "name": "text",
                  "type": {
                    "ClrType": "System.String, System.Private.CoreLib"
                  }
                },
                {
                  "name": "confidenceScore",
                  "type": {
                    "ClrType": "System.Nullable`1[[System.Int64, System.Private.CoreLib]], System.Private.CoreLib"
                  }
                },
                {
                  "name": "category",
                  "type": {
                    "ClrType": "System.String, System.Private.CoreLib"
                  }
                }
              ],
              "baseType": null
            },
            "contextGroundingCitations": {
              "name": "contextGroundingCitations",
              "properties": [
                {
                  "name": "reference",
                  "type": {
                    "ClrType": "System.String, System.Private.CoreLib"
                  }
                },
                {
                  "name": "source",
                  "type": {
                    "ClrType": "System.String, System.Private.CoreLib"
                  }
                },
                {
                  "name": "page_number",
                  "type": {
                    "ClrType": "System.Nullable`1[[System.Int64, System.Private.CoreLib]], System.Private.CoreLib"
                  }
                }
              ],
              "baseType": null
            },
            "v2_sub_generateChatCompletion_Create": {
              "name": "v2_sub_generateChatCompletion_Create",
              "properties": [
                {
                  "name": "choices",
                  "type": {
                    "definitionName": "choices"
                  },
                  "isCollection": true,
                  "collectionGenericType": {
                    "ClrType": "System.Collections.Generic.List`1, System.Private.CoreLib"
                  }
                },
                {
                  "name": "usage",
                  "type": {
                    "definitionName": "usage"
                  }
                },
                {
                  "name": "detectedEntities",
                  "type": {
                    "definitionName": "detectedEntities"
                  },
                  "isCollection": true,
                  "collectionGenericType": {
                    "ClrType": "System.Collections.Generic.List`1, System.Private.CoreLib"
                  }
                },
                {
                  "name": "contextGroundingCitations",
                  "type": {
                    "definitionName": "contextGroundingCitations"
                  },
                  "isCollection": true,
                  "collectionGenericType": {
                    "ClrType": "System.Collections.Generic.List`1, System.Private.CoreLib"
                  }
                },
                {
                  "name": "created",
                  "type": {
                    "ClrType": "System.Nullable`1[[System.Int64, System.Private.CoreLib]], System.Private.CoreLib"
                  }
                },
                {
                  "name": "model",
                  "type": {
                    "ClrType": "System.String, System.Private.CoreLib"
                  }
                },
                {
                  "name": "id",
                  "type": {
                    "ClrType": "System.String, System.Private.CoreLib"
                  }
                },
                {
                  "name": "text",
                  "type": {
                    "ClrType": "System.String, System.Private.CoreLib"
                  },
                  "attributes": {
                    "values": [
                      {
                        "Type": {
                          "ClrType": "System.ComponentModel.CategoryAttribute, System.ComponentModel.Primitives"
                        },
                        "constructorArguments": [
                          {
                            "Value": "\"Simplified\"",
                            "type": {
                              "ClrType": "System.String, System.Private.CoreLib"
                            }
                          }
                        ],
                        "namedArguments": []
                      },
                      {
                        "Type": {
                          "ClrType": "System.ComponentModel.DataAnnotations.DisplayAttribute, System.ComponentModel.Annotations"
                        },
                        "constructorArguments": [],
                        "namedArguments": [
                          {
                            "name": "Order",
                            "value": {
                              "Value": "16",
                              "type": {
                                "ClrType": "System.Int32, System.Private.CoreLib"
                              }
                            }
                          }
                        ]
                      }
                    ]
                  }
                },
                {
                  "name": "_object",
                  "type": {
                    "ClrType": "System.String, System.Private.CoreLib"
                  },
                  "attributes": {
                    "values": [
                      {
                        "Type": {
                          "ClrType": "Newtonsoft.Json.JsonPropertyAttribute, Newtonsoft.Json"
                        },
                        "constructorArguments": [],
                        "namedArguments": [
                          {
                            "name": "PropertyName",
                            "value": {
                              "Value": "\"object\"",
                              "type": {
                                "ClrType": "System.String, System.Private.CoreLib"
                              }
                            }
                          }
                        ]
                      }
                    ]
                  }
                },
                {
                  "name": "maskedText",
                  "type": {
                    "ClrType": "System.String, System.Private.CoreLib"
                  },
                  "attributes": {
                    "values": [
                      {
                        "Type": {
                          "ClrType": "System.ComponentModel.CategoryAttribute, System.ComponentModel.Primitives"
                        },
                        "constructorArguments": [
                          {
                            "Value": "\"Simplified\"",
                            "type": {
                              "ClrType": "System.String, System.Private.CoreLib"
                            }
                          }
                        ],
                        "namedArguments": []
                      },
                      {
                        "Type": {
                          "ClrType": "System.ComponentModel.DataAnnotations.DisplayAttribute, System.ComponentModel.Annotations"
                        },
                        "constructorArguments": [],
                        "namedArguments": [
                          {
                            "name": "Order",
                            "value": {
                              "Value": "17",
                              "type": {
                                "ClrType": "System.Int32, System.Private.CoreLib"
                              }
                            }
                          }
                        ]
                      }
                    ]
                  }
                },
                {
                  "name": "contextGroundingCitationsString",
                  "type": {
                    "ClrType": "System.String, System.Private.CoreLib"
                  },
                  "attributes": {
                    "values": [
                      {
                        "Type": {
                          "ClrType": "System.ComponentModel.CategoryAttribute, System.ComponentModel.Primitives"
                        },
                        "constructorArguments": [
                          {
                            "Value": "\"Simplified\"",
                            "type": {
                              "ClrType": "System.String, System.Private.CoreLib"
                            }
                          }
                        ],
                        "namedArguments": []
                      }
                    ]
                  }
                }
              ],
              "baseType": null
            }
          },
          "version": 1
        }
      },
      "entityAssemblyKey": {
        "name": "UiPath.IntegrationService.Activities.SWEntities.C297DD35BAA_v2_sub_generateChatCompletion_Create",
        "hash": "WURZQ0EydURWdHVvSVJpeXlsS2RvRGlMeDdnNncxUGI5N05EQlIzRzg5TFNBaHpJNjdvb2d2NDU4eHN2R3l6YWsxWDFodEJ3Y1BETGlmVUtSckFrRFE9PQ",
        "assemblyName": "C297DD35BAA_v2_sub_g.yoBEr18XMKQ1FhjKM2KiHwt2"
      }
    },
    {
      "providerName": "CustomEntities",
      "bundleOptions": {
        "hash": "EZhGlOPq5B2RtiXZhe2Nzl8rE9WLniHHhf0SeGfw3R1dXgt2+76a1eWbo8O7eHXXxWbnUvZW59ol7j6bNUXaqw==",
        "bundleName": "C228A91D6AD_curated_whatsapp_message_Create",
        "entitiesBundle": {
          "Types": {
            "subresource_uris": {
              "name": "subresource_uris",
              "properties": [
                {
                  "name": "media",
                  "type": {
                    "ClrType": "System.String, System.Private.CoreLib"
                  }
                }
              ],
              "baseType": null
            },
            "curated_whatsapp_message_Create": {
              "name": "curated_whatsapp_message_Create",
              "properties": [
                {
                  "name": "subresource_uris",
                  "type": {
                    "definitionName": "subresource_uris"
                  }
                },
                {
                  "name": "account_sid",
                  "type": {
                    "ClrType": "System.String, System.Private.CoreLib"
                  }
                },
                {
                  "name": "api_version",
                  "type": {
                    "ClrType": "System.Nullable`1[[System.DateTimeOffset, System.Private.CoreLib]], System.Private.CoreLib"
                  },
                  "attributes": {
                    "values": [
                      {
                        "Type": {
                          "ClrType": "Newtonsoft.Json.JsonConverterAttribute, Newtonsoft.Json"
                        },
                        "constructorArguments": [
                          {
                            "Value": "{\r\n  \"ClrType\": \"UiPath.IntegrationService.Activities.Runtime.Helpers.DateTimeOffsetMaskDeserializer, UiPath.IntegrationService.Activities.Runtime\"\r\n}",
                            "type": {
                              "ClrType": "System.Activities.DesignViewModels.EntityTypeReference, System.Activities.ViewModels"
                            }
                          },
                          {
                            "Value": "\"yyyy-MM-dd\"",
                            "type": {
                              "ClrType": "System.String, System.Private.CoreLib"
                            }
                          }
                        ],
                        "namedArguments": []
                      }
                    ]
                  }
                },
                {
                  "name": "body",
                  "type": {
                    "ClrType": "System.String, System.Private.CoreLib"
                  },
                  "attributes": {
                    "values": [
                      {
                        "Type": {
                          "ClrType": "System.ComponentModel.CategoryAttribute, System.ComponentModel.Primitives"
                        },
                        "constructorArguments": [
                          {
                            "Value": "\"Simplified\"",
                            "type": {
                              "ClrType": "System.String, System.Private.CoreLib"
                            }
                          }
                        ],
                        "namedArguments": []
                      },
                      {
                        "Type": {
                          "ClrType": "System.ComponentModel.DataAnnotations.DisplayAttribute, System.ComponentModel.Annotations"
                        },
                        "constructorArguments": [],
                        "namedArguments": [
                          {
                            "name": "Order",
                            "value": {
                              "Value": "3",
                              "type": {
                                "ClrType": "System.Int32, System.Private.CoreLib"
                              }
                            }
                          }
                        ]
                      }
                    ]
                  }
                },
                {
                  "name": "date_created",
                  "type": {
                    "ClrType": "System.Nullable`1[[System.DateTimeOffset, System.Private.CoreLib]], System.Private.CoreLib"
                  },
                  "attributes": {
                    "values": [
                      {
                        "Type": {
                          "ClrType": "Newtonsoft.Json.JsonConverterAttribute, Newtonsoft.Json"
                        },
                        "constructorArguments": [
                          {
                            "Value": "{\r\n  \"ClrType\": \"UiPath.IntegrationService.Activities.Runtime.Helpers.DateTimeOffsetMaskDeserializer, UiPath.IntegrationService.Activities.Runtime\"\r\n}",
                            "type": {
                              "ClrType": "System.Activities.DesignViewModels.EntityTypeReference, System.Activities.ViewModels"
                            }
                          },
                          {
                            "Value": "\"EEE, dd MMM yyyy HH:mm:ss Z\"",
                            "type": {
                              "ClrType": "System.String, System.Private.CoreLib"
                            }
                          }
                        ],
                        "namedArguments": []
                      }
                    ]
                  }
                },
                {
                  "name": "date_updated",
                  "type": {
                    "ClrType": "System.Nullable`1[[System.DateTimeOffset, System.Private.CoreLib]], System.Private.CoreLib"
                  },
                  "attributes": {
                    "values": [
                      {
                        "Type": {
                          "ClrType": "Newtonsoft.Json.JsonConverterAttribute, Newtonsoft.Json"
                        },
                        "constructorArguments": [
                          {
                            "Value": "{\r\n  \"ClrType\": \"UiPath.IntegrationService.Activities.Runtime.Helpers.DateTimeOffsetMaskDeserializer, UiPath.IntegrationService.Activities.Runtime\"\r\n}",
                            "type": {
                              "ClrType": "System.Activities.DesignViewModels.EntityTypeReference, System.Activities.ViewModels"
                            }
                          },
                          {
                            "Value": "\"EEE, dd MMM yyyy HH:mm:ss Z\"",
                            "type": {
                              "ClrType": "System.String, System.Private.CoreLib"
                            }
                          }
                        ],
                        "namedArguments": []
                      }
                    ]
                  }
                },
                {
                  "name": "direction",
                  "type": {
                    "ClrType": "System.String, System.Private.CoreLib"
                  }
                },
                {
                  "name": "from",
                  "type": {
                    "ClrType": "System.String, System.Private.CoreLib"
                  },
                  "attributes": {
                    "values": [
                      {
                        "Type": {
                          "ClrType": "System.ComponentModel.CategoryAttribute, System.ComponentModel.Primitives"
                        },
                        "constructorArguments": [
                          {
                            "Value": "\"Simplified\"",
                            "type": {
                              "ClrType": "System.String, System.Private.CoreLib"
                            }
                          }
                        ],
                        "namedArguments": []
                      },
                      {
                        "Type": {
                          "ClrType": "System.ComponentModel.DataAnnotations.DisplayAttribute, System.ComponentModel.Annotations"
                        },
                        "constructorArguments": [],
                        "namedArguments": [
                          {
                            "name": "Order",
                            "value": {
                              "Value": "2",
                              "type": {
                                "ClrType": "System.Int32, System.Private.CoreLib"
                              }
                            }
                          }
                        ]
                      }
                    ]
                  }
                },
                {
                  "name": "num_media",
                  "type": {
                    "ClrType": "System.String, System.Private.CoreLib"
                  }
                },
                {
                  "name": "num_segments",
                  "type": {
                    "ClrType": "System.String, System.Private.CoreLib"
                  }
                },
                {
                  "name": "sid",
                  "type": {
                    "ClrType": "System.String, System.Private.CoreLib"
                  }
                },
                {
                  "name": "status",
                  "type": {
                    "ClrType": "System.String, System.Private.CoreLib"
                  }
                },
                {
                  "name": "_to",
                  "type": {
                    "ClrType": "System.String, System.Private.CoreLib"
                  },
                  "attributes": {
                    "values": [
                      {
                        "Type": {
                          "ClrType": "Newtonsoft.Json.JsonPropertyAttribute, Newtonsoft.Json"
                        },
                        "constructorArguments": [],
                        "namedArguments": [
                          {
                            "name": "PropertyName",
                            "value": {
                              "Value": "\"to\"",
                              "type": {
                                "ClrType": "System.String, System.Private.CoreLib"
                              }
                            }
                          }
                        ]
                      },
                      {
                        "Type": {
                          "ClrType": "System.ComponentModel.CategoryAttribute, System.ComponentModel.Primitives"
                        },
                        "constructorArguments": [
                          {
                            "Value": "\"Simplified\"",
                            "type": {
                              "ClrType": "System.String, System.Private.CoreLib"
                            }
                          }
                        ],
                        "namedArguments": []
                      },
                      {
                        "Type": {
                          "ClrType": "System.ComponentModel.DataAnnotations.DisplayAttribute, System.ComponentModel.Annotations"
                        },
                        "constructorArguments": [],
                        "namedArguments": [
                          {
                            "name": "Order",
                            "value": {
                              "Value": "1",
                              "type": {
                                "ClrType": "System.Int32, System.Private.CoreLib"
                              }
                            }
                          }
                        ]
                      }
                    ]
                  }
                },
                {
                  "name": "uri",
                  "type": {
                    "ClrType": "System.String, System.Private.CoreLib"
                  }
                }
              ],
              "baseType": null
            }
          },
          "version": 1
        }
      },
      "entityAssemblyKey": {
        "name": "UiPath.IntegrationService.Activities.SWEntities.C228A91D6AD_curated_whatsapp_message_Create",
        "hash": "RVpoR2xPUHE1QjJSdGlYWmhlMk56bDhyRTlXTG5pSEhoZjBTZUdmdzNSMWRYZ3QyKzc2YTFlV2JvOE83ZUhYWHhXYm5VdlpXNTlvbDdqNmJOVVhhcXc9PQ",
        "assemblyName": "C228A91D6AD_curated_.k4rFt1doJXS1UlDDckCkIO3"
      }
    },
    {
      "providerName": "CustomEntities",
      "bundleOptions": {
        "hash": "YDYCA2uDVtuoIRiyylKdoDiLx7g6w1Pb97NDBR3G89LSAhzI67oogv458xsvGyzak1X1htBwcPDLifUKRrAkDQ==",
        "bundleName": "CCFD1EF3795_v2_sub_generateChatCompletion_Create",
        "entitiesBundle": {
          "Types": {
            "message": {
              "name": "message",
              "properties": [
                {
                  "name": "content",
                  "type": {
                    "ClrType": "System.String, System.Private.CoreLib"
                  }
                },
                {
                  "name": "role",
                  "type": {
                    "ClrType": "System.String, System.Private.CoreLib"
                  }
                }
              ],
              "baseType": null
            },
            "choices": {
              "name": "choices",
              "properties": [
                {
                  "name": "message",
                  "type": {
                    "definitionName": "message"
                  }
                },
                {
                  "name": "index",
                  "type": {
                    "ClrType": "System.Nullable`1[[System.Int64, System.Private.CoreLib]], System.Private.CoreLib"
                  }
                },
                {
                  "name": "finish_reason",
                  "type": {
                    "ClrType": "System.String, System.Private.CoreLib"
                  }
                }
              ],
              "baseType": null
            },
            "usage": {
              "name": "usage",
              "properties": [
                {
                  "name": "total_tokens",
                  "type": {
                    "ClrType": "System.Nullable`1[[System.Int64, System.Private.CoreLib]], System.Private.CoreLib"
                  }
                },
                {
                  "name": "prompt_tokens",
                  "type": {
                    "ClrType": "System.Nullable`1[[System.Int64, System.Private.CoreLib]], System.Private.CoreLib"
                  }
                },
                {
                  "name": "completion_tokens",
                  "type": {
                    "ClrType": "System.Nullable`1[[System.Int64, System.Private.CoreLib]], System.Private.CoreLib"
                  }
                }
              ],
              "baseType": null
            },
            "detectedEntities": {
              "name": "detectedEntities",
              "properties": [
                {
                  "name": "identifier",
                  "type": {
                    "ClrType": "System.String, System.Private.CoreLib"
                  }
                },
                {
                  "name": "text",
                  "type": {
                    "ClrType": "System.String, System.Private.CoreLib"
                  }
                },
                {
                  "name": "confidenceScore",
                  "type": {
                    "ClrType": "System.Nullable`1[[System.Int64, System.Private.CoreLib]], System.Private.CoreLib"
                  }
                },
                {
                  "name": "category",
                  "type": {
                    "ClrType": "System.String, System.Private.CoreLib"
                  }
                }
              ],
              "baseType": null
            },
            "contextGroundingCitations": {
              "name": "contextGroundingCitations",
              "properties": [
                {
                  "name": "reference",
                  "type": {
                    "ClrType": "System.String, System.Private.CoreLib"
                  }
                },
                {
                  "name": "source",
                  "type": {
                    "ClrType": "System.String, System.Private.CoreLib"
                  }
                },
                {
                  "name": "page_number",
                  "type": {
                    "ClrType": "System.Nullable`1[[System.Int64, System.Private.CoreLib]], System.Private.CoreLib"
                  }
                }
              ],
              "baseType": null
            },
            "v2_sub_generateChatCompletion_Create": {
              "name": "v2_sub_generateChatCompletion_Create",
              "properties": [
                {
                  "name": "choices",
                  "type": {
                    "definitionName": "choices"
                  },
                  "isCollection": true,
                  "collectionGenericType": {
                    "ClrType": "System.Collections.Generic.List`1, System.Private.CoreLib"
                  }
                },
                {
                  "name": "usage",
                  "type": {
                    "definitionName": "usage"
                  }
                },
                {
                  "name": "detectedEntities",
                  "type": {
                    "definitionName": "detectedEntities"
                  },
                  "isCollection": true,
                  "collectionGenericType": {
                    "ClrType": "System.Collections.Generic.List`1, System.Private.CoreLib"
                  }
                },
                {
                  "name": "contextGroundingCitations",
                  "type": {
                    "definitionName": "contextGroundingCitations"
                  },
                  "isCollection": true,
                  "collectionGenericType": {
                    "ClrType": "System.Collections.Generic.List`1, System.Private.CoreLib"
                  }
                },
                {
                  "name": "created",
                  "type": {
                    "ClrType": "System.Nullable`1[[System.Int64, System.Private.CoreLib]], System.Private.CoreLib"
                  }
                },
                {
                  "name": "model",
                  "type": {
                    "ClrType": "System.String, System.Private.CoreLib"
                  }
                },
                {
                  "name": "id",
                  "type": {
                    "ClrType": "System.String, System.Private.CoreLib"
                  }
                },
                {
                  "name": "text",
                  "type": {
                    "ClrType": "System.String, System.Private.CoreLib"
                  },
                  "attributes": {
                    "values": [
                      {
                        "Type": {
                          "ClrType": "System.ComponentModel.CategoryAttribute, System.ComponentModel.Primitives"
                        },
                        "constructorArguments": [
                          {
                            "Value": "\"Simplified\"",
                            "type": {
                              "ClrType": "System.String, System.Private.CoreLib"
                            }
                          }
                        ],
                        "namedArguments": []
                      },
                      {
                        "Type": {
                          "ClrType": "System.ComponentModel.DataAnnotations.DisplayAttribute, System.ComponentModel.Annotations"
                        },
                        "constructorArguments": [],
                        "namedArguments": [
                          {
                            "name": "Order",
                            "value": {
                              "Value": "16",
                              "type": {
                                "ClrType": "System.Int32, System.Private.CoreLib"
                              }
                            }
                          }
                        ]
                      }
                    ]
                  }
                },
                {
                  "name": "_object",
                  "type": {
                    "ClrType": "System.String, System.Private.CoreLib"
                  },
                  "attributes": {
                    "values": [
                      {
                        "Type": {
                          "ClrType": "Newtonsoft.Json.JsonPropertyAttribute, Newtonsoft.Json"
                        },
                        "constructorArguments": [],
                        "namedArguments": [
                          {
                            "name": "PropertyName",
                            "value": {
                              "Value": "\"object\"",
                              "type": {
                                "ClrType": "System.String, System.Private.CoreLib"
                              }
                            }
                          }
                        ]
                      }
                    ]
                  }
                },
                {
                  "name": "maskedText",
                  "type": {
                    "ClrType": "System.String, System.Private.CoreLib"
                  },
                  "attributes": {
                    "values": [
                      {
                        "Type": {
                          "ClrType": "System.ComponentModel.CategoryAttribute, System.ComponentModel.Primitives"
                        },
                        "constructorArguments": [
                          {
                            "Value": "\"Simplified\"",
                            "type": {
                              "ClrType": "System.String, System.Private.CoreLib"
                            }
                          }
                        ],
                        "namedArguments": []
                      },
                      {
                        "Type": {
                          "ClrType": "System.ComponentModel.DataAnnotations.DisplayAttribute, System.ComponentModel.Annotations"
                        },
                        "constructorArguments": [],
                        "namedArguments": [
                          {
                            "name": "Order",
                            "value": {
                              "Value": "17",
                              "type": {
                                "ClrType": "System.Int32, System.Private.CoreLib"
                              }
                            }
                          }
                        ]
                      }
                    ]
                  }
                },
                {
                  "name": "contextGroundingCitationsString",
                  "type": {
                    "ClrType": "System.String, System.Private.CoreLib"
                  },
                  "attributes": {
                    "values": [
                      {
                        "Type": {
                          "ClrType": "System.ComponentModel.CategoryAttribute, System.ComponentModel.Primitives"
                        },
                        "constructorArguments": [
                          {
                            "Value": "\"Simplified\"",
                            "type": {
                              "ClrType": "System.String, System.Private.CoreLib"
                            }
                          }
                        ],
                        "namedArguments": []
                      }
                    ]
                  }
                }
              ],
              "baseType": null
            }
          },
          "version": 1
        }
      },
      "entityAssemblyKey": {
        "name": "UiPath.IntegrationService.Activities.SWEntities.CCFD1EF3795_v2_sub_generateChatCompletion_Create",
        "hash": "WURZQ0EydURWdHVvSVJpeXlsS2RvRGlMeDdnNncxUGI5N05EQlIzRzg5TFNBaHpJNjdvb2d2NDU4eHN2R3l6YWsxWDFodEJ3Y1BETGlmVUtSckFrRFE9PQ",
        "assemblyName": "CCFD1EF3795_v2_sub_g.Jn3xDVse6N147gDW2UhQMi2"
      }
    },
    {
      "providerName": "CustomEntities",
      "bundleOptions": {
        "hash": "EZhGlOPq5B2RtiXZhe2Nzl8rE9WLniHHhf0SeGfw3R1dXgt2+76a1eWbo8O7eHXXxWbnUvZW59ol7j6bNUXaqw==",
        "bundleName": "C941D5194B5_curated_whatsapp_message_Create",
        "entitiesBundle": {
          "Types": {
            "subresource_uris": {
              "name": "subresource_uris",
              "properties": [
                {
                  "name": "media",
                  "type": {
                    "ClrType": "System.String, System.Private.CoreLib"
                  }
                }
              ],
              "baseType": null
            },
            "curated_whatsapp_message_Create": {
              "name": "curated_whatsapp_message_Create",
              "properties": [
                {
                  "name": "subresource_uris",
                  "type": {
                    "definitionName": "subresource_uris"
                  }
                },
                {
                  "name": "account_sid",
                  "type": {
                    "ClrType": "System.String, System.Private.CoreLib"
                  }
                },
                {
                  "name": "api_version",
                  "type": {
                    "ClrType": "System.Nullable`1[[System.DateTimeOffset, System.Private.CoreLib]], System.Private.CoreLib"
                  },
                  "attributes": {
                    "values": [
                      {
                        "Type": {
                          "ClrType": "Newtonsoft.Json.JsonConverterAttribute, Newtonsoft.Json"
                        },
                        "constructorArguments": [
                          {
                            "Value": "{\r\n  \"ClrType\": \"UiPath.IntegrationService.Activities.Runtime.Helpers.DateTimeOffsetMaskDeserializer, UiPath.IntegrationService.Activities.Runtime\"\r\n}",
                            "type": {
                              "ClrType": "System.Activities.DesignViewModels.EntityTypeReference, System.Activities.ViewModels"
                            }
                          },
                          {
                            "Value": "\"yyyy-MM-dd\"",
                            "type": {
                              "ClrType": "System.String, System.Private.CoreLib"
                            }
                          }
                        ],
                        "namedArguments": []
                      }
                    ]
                  }
                },
                {
                  "name": "body",
                  "type": {
                    "ClrType": "System.String, System.Private.CoreLib"
                  },
                  "attributes": {
                    "values": [
                      {
                        "Type": {
                          "ClrType": "System.ComponentModel.CategoryAttribute, System.ComponentModel.Primitives"
                        },
                        "constructorArguments": [
                          {
                            "Value": "\"Simplified\"",
                            "type": {
                              "ClrType": "System.String, System.Private.CoreLib"
                            }
                          }
                        ],
                        "namedArguments": []
                      },
                      {
                        "Type": {
                          "ClrType": "System.ComponentModel.DataAnnotations.DisplayAttribute, System.ComponentModel.Annotations"
                        },
                        "constructorArguments": [],
                        "namedArguments": [
                          {
                            "name": "Order",
                            "value": {
                              "Value": "3",
                              "type": {
                                "ClrType": "System.Int32, System.Private.CoreLib"
                              }
                            }
                          }
                        ]
                      }
                    ]
                  }
                },
                {
                  "name": "date_created",
                  "type": {
                    "ClrType": "System.Nullable`1[[System.DateTimeOffset, System.Private.CoreLib]], System.Private.CoreLib"
                  },
                  "attributes": {
                    "values": [
                      {
                        "Type": {
                          "ClrType": "Newtonsoft.Json.JsonConverterAttribute, Newtonsoft.Json"
                        },
                        "constructorArguments": [
                          {
                            "Value": "{\r\n  \"ClrType\": \"UiPath.IntegrationService.Activities.Runtime.Helpers.DateTimeOffsetMaskDeserializer, UiPath.IntegrationService.Activities.Runtime\"\r\n}",
                            "type": {
                              "ClrType": "System.Activities.DesignViewModels.EntityTypeReference, System.Activities.ViewModels"
                            }
                          },
                          {
                            "Value": "\"EEE, dd MMM yyyy HH:mm:ss Z\"",
                            "type": {
                              "ClrType": "System.String, System.Private.CoreLib"
                            }
                          }
                        ],
                        "namedArguments": []
                      }
                    ]
                  }
                },
                {
                  "name": "date_updated",
                  "type": {
                    "ClrType": "System.Nullable`1[[System.DateTimeOffset, System.Private.CoreLib]], System.Private.CoreLib"
                  },
                  "attributes": {
                    "values": [
                      {
                        "Type": {
                          "ClrType": "Newtonsoft.Json.JsonConverterAttribute, Newtonsoft.Json"
                        },
                        "constructorArguments": [
                          {
                            "Value": "{\r\n  \"ClrType\": \"UiPath.IntegrationService.Activities.Runtime.Helpers.DateTimeOffsetMaskDeserializer, UiPath.IntegrationService.Activities.Runtime\"\r\n}",
                            "type": {
                              "ClrType": "System.Activities.DesignViewModels.EntityTypeReference, System.Activities.ViewModels"
                            }
                          },
                          {
                            "Value": "\"EEE, dd MMM yyyy HH:mm:ss Z\"",
                            "type": {
                              "ClrType": "System.String, System.Private.CoreLib"
                            }
                          }
                        ],
                        "namedArguments": []
                      }
                    ]
                  }
                },
                {
                  "name": "direction",
                  "type": {
                    "ClrType": "System.String, System.Private.CoreLib"
                  }
                },
                {
                  "name": "from",
                  "type": {
                    "ClrType": "System.String, System.Private.CoreLib"
                  },
                  "attributes": {
                    "values": [
                      {
                        "Type": {
                          "ClrType": "System.ComponentModel.CategoryAttribute, System.ComponentModel.Primitives"
                        },
                        "constructorArguments": [
                          {
                            "Value": "\"Simplified\"",
                            "type": {
                              "ClrType": "System.String, System.Private.CoreLib"
                            }
                          }
                        ],
                        "namedArguments": []
                      },
                      {
                        "Type": {
                          "ClrType": "System.ComponentModel.DataAnnotations.DisplayAttribute, System.ComponentModel.Annotations"
                        },
                        "constructorArguments": [],
                        "namedArguments": [
                          {
                            "name": "Order",
                            "value": {
                              "Value": "2",
                              "type": {
                                "ClrType": "System.Int32, System.Private.CoreLib"
                              }
                            }
                          }
                        ]
                      }
                    ]
                  }
                },
                {
                  "name": "num_media",
                  "type": {
                    "ClrType": "System.String, System.Private.CoreLib"
                  }
                },
                {
                  "name": "num_segments",
                  "type": {
                    "ClrType": "System.String, System.Private.CoreLib"
                  }
                },
                {
                  "name": "sid",
                  "type": {
                    "ClrType": "System.String, System.Private.CoreLib"
                  }
                },
                {
                  "name": "status",
                  "type": {
                    "ClrType": "System.String, System.Private.CoreLib"
                  }
                },
                {
                  "name": "_to",
                  "type": {
                    "ClrType": "System.String, System.Private.CoreLib"
                  },
                  "attributes": {
                    "values": [
                      {
                        "Type": {
                          "ClrType": "Newtonsoft.Json.JsonPropertyAttribute, Newtonsoft.Json"
                        },
                        "constructorArguments": [],
                        "namedArguments": [
                          {
                            "name": "PropertyName",
                            "value": {
                              "Value": "\"to\"",
                              "type": {
                                "ClrType": "System.String, System.Private.CoreLib"
                              }
                            }
                          }
                        ]
                      },
                      {
                        "Type": {
                          "ClrType": "System.ComponentModel.CategoryAttribute, System.ComponentModel.Primitives"
                        },
                        "constructorArguments": [
                          {
                            "Value": "\"Simplified\"",
                            "type": {
                              "ClrType": "System.String, System.Private.CoreLib"
                            }
                          }
                        ],
                        "namedArguments": []
                      },
                      {
                        "Type": {
                          "ClrType": "System.ComponentModel.DataAnnotations.DisplayAttribute, System.ComponentModel.Annotations"
                        },
                        "constructorArguments": [],
                        "namedArguments": [
                          {
                            "name": "Order",
                            "value": {
                              "Value": "1",
                              "type": {
                                "ClrType": "System.Int32, System.Private.CoreLib"
                              }
                            }
                          }
                        ]
                      }
                    ]
                  }
                },
                {
                  "name": "uri",
                  "type": {
                    "ClrType": "System.String, System.Private.CoreLib"
                  }
                }
              ],
              "baseType": null
            }
          },
          "version": 1
        }
      },
      "entityAssemblyKey": {
        "name": "UiPath.IntegrationService.Activities.SWEntities.C941D5194B5_curated_whatsapp_message_Create",
        "hash": "RVpoR2xPUHE1QjJSdGlYWmhlMk56bDhyRTlXTG5pSEhoZjBTZUdmdzNSMWRYZ3QyKzc2YTFlV2JvOE83ZUhYWHhXYm5VdlpXNTlvbDdqNmJOVVhhcXc9PQ",
        "assemblyName": "C941D5194B5_curated_.gQAXh1hFlmE1plwK22OsYv93"
      }
    }
  ]
}